	recG_13	recG_15	recG_16
SRR2034334.102510-1/2	0.0	0.0	0.0
SRR2034334.102510-2/2	1.0	0.0	0.0
SRR2034334.103093-1/2	0.0	0.0	0.0
SRR2034334.103093-2/2	2.0	1.0	1.0
SRR2034334.106257-1/2	-1.0	1.0	0.0
SRR2034334.106257-2/2	-1.0	0.0	0.0
SRR2034334.108426-1/2	0.0	0.0	0.0
SRR2034334.108426-2/2	0.0	0.0	0.0
SRR2034334.115047-1/2	0.0	0.0	0.0
SRR2034334.115047-2/2	1.0	0.0	0.0
SRR2034334.119125-1/2	1.0	1.0	1.0
SRR2034334.119125-2/2	0.0	0.0	0.0
SRR2034334.122601-1/2	1.0	0.0	0.0
SRR2034334.122601-2/2	1.0	0.0	0.0
SRR2034334.124451-1/2	1.0	0.0	0.0
SRR2034334.124451-2/2	0.0	0.0	0.0
SRR2034334.124661-1/2	1.0	0.0	0.0
SRR2034334.124661-2/2	1.0	0.0	0.0
SRR2034334.126563-1/2	-1.0	0.0	0.0
SRR2034334.126563-2/2	-1.0	0.0	1.0
SRR2034334.136457-1/2	0.0	0.0	0.0
SRR2034334.136457-2/2	1.0	0.0	0.0
SRR2034334.1384-1/2	1.0	0.0	0.0
SRR2034334.1384-2/2	0.0	0.0	0.0
SRR2034334.140507-1/2	0.0	0.0	0.0
SRR2034334.140507-2/2	1.0	0.0	0.0
SRR2034334.144168-1/2	-1.0	0.0	1.0
SRR2034334.144168-2/2	-1.0	0.0	0.0
SRR2034334.145010-1/2	0.0	0.0	0.0
SRR2034334.145010-2/2	0.0	0.0	0.0
SRR2034334.145619-1/2	0.0	0.0	0.0
SRR2034334.145619-2/2	0.0	0.0	0.0
SRR2034334.147160-1/2	1.0	0.0	0.0
SRR2034334.147160-2/2	1.0	0.0	0.0
SRR2034334.149212-1/2	1.0	0.0	1.0
SRR2034334.149212-2/2	1.0	0.0	0.0
SRR2034334.150106-1/2	0.0	0.0	0.0
SRR2034334.150106-2/2	0.0	0.0	0.0
SRR2034334.151998-1/2	1.0	0.0	0.0
SRR2034334.151998-2/2	1.0	0.0	0.0
SRR2034334.153349-1/2	1.0	0.0	0.0
SRR2034334.153349-2/2	0.0	0.0	0.0
SRR2034334.154403-1/2	1.0	0.0	0.0
SRR2034334.154403-2/2	1.0	1.0	1.0
SRR2034334.162661-1/2	-1.0	0.0	1.0
SRR2034334.162661-2/2	-1.0	0.0	0.0
SRR2034334.164201-1/2	1.0	0.0	0.0
SRR2034334.164201-2/2	1.0	0.0	0.0
SRR2034334.164258-1/2	-1.0	0.0	1.0
SRR2034334.164258-2/2	-1.0	0.0	0.0
SRR2034334.165141-1/2	0.0	0.0	1.0
SRR2034334.165141-2/2	1.0	0.0	0.0
SRR2034334.165938-1/2	-1.0	1.0	0.0
SRR2034334.165938-2/2	-1.0	0.0	0.0
SRR2034334.17255-1/2	-1.0	0.0	1.0
SRR2034334.17255-2/2	-1.0	0.0	0.0
SRR2034334.173110-1/2	1.0	0.0	0.0
SRR2034334.173110-2/2	0.0	0.0	0.0
SRR2034334.176554-1/2	1.0	0.0	0.0
SRR2034334.176554-2/2	1.0	0.0	0.0
SRR2034334.176999-1/2	-1.0	1.0	0.0
SRR2034334.176999-2/2	-1.0	0.0	0.0
SRR2034334.178919-1/2	0.0	0.0	0.0
SRR2034334.178919-2/2	0.0	0.0	0.0
SRR2034334.193221-1/2	0.0	0.0	0.0
SRR2034334.193221-2/2	1.0	0.0	0.0
SRR2034334.198725-1/2	2.0	0.0	1.0
SRR2034334.198725-2/2	1.0	0.0	0.0
SRR2034334.203644-1/2	1.0	0.0	0.0
SRR2034334.203644-2/2	2.0	1.0	0.0
SRR2034334.207469-1/2	0.0	0.0	0.0
SRR2034334.207469-2/2	1.0	0.0	0.0
SRR2034334.211885-1/2	1.0	0.0	0.0
SRR2034334.211885-2/2	0.0	0.0	0.0
SRR2034334.213824-1/2	0.0	0.0	0.0
SRR2034334.213824-2/2	2.0	0.0	1.0
SRR2034334.214267-1/2	0.0	0.0	0.0
SRR2034334.214267-2/2	0.0	0.0	0.0
SRR2034334.215393-1/2	-1.0	0.0	1.0
SRR2034334.215393-2/2	-1.0	0.0	0.0
SRR2034334.225020-1/2	0.0	0.0	0.0
SRR2034334.225020-2/2	0.0	0.0	0.0
SRR2034334.225134-1/2	0.0	0.0	0.0
SRR2034334.225134-2/2	0.0	0.0	0.0
SRR2034334.227362-1/2	0.0	0.0	0.0
SRR2034334.227362-2/2	1.0	0.0	0.0
SRR2034334.22744-1/2	0.0	0.0	0.0
SRR2034334.22744-2/2	1.0	0.0	0.0
SRR2034334.22881-1/2	0.0	0.0	0.0
SRR2034334.22881-2/2	1.0	0.0	1.0
SRR2034334.231124-1/2	0.0	0.0	0.0
SRR2034334.231124-2/2	1.0	0.0	0.0
SRR2034334.233869-1/2	-1.0	0.0	0.0
SRR2034334.233869-2/2	-1.0	1.0	0.0
SRR2034334.235988-1/2	-1.0	0.0	1.0
SRR2034334.235988-2/2	-1.0	0.0	0.0
SRR2034334.238542-1/2	-1.0	0.0	0.0
SRR2034334.238542-2/2	-1.0	1.0	0.0
SRR2034334.240386-1/2	-1.0	0.0	0.0
SRR2034334.240386-2/2	-1.0	0.0	0.0
SRR2034334.241726-1/2	0.0	0.0	0.0
SRR2034334.241726-2/2	1.0	0.0	0.0
SRR2034334.24686-1/2	1.0	0.0	0.0
SRR2034334.24686-2/2	0.0	0.0	0.0
SRR2034334.247617-1/2	1.0	0.0	0.0
SRR2034334.247617-2/2	0.0	0.0	0.0
SRR2034334.247817-1/2	-1.0	0.0	1.0
SRR2034334.247817-2/2	-1.0	0.0	0.0
SRR2034334.247982-1/2	0.0	0.0	0.0
SRR2034334.247982-2/2	0.0	0.0	0.0
SRR2034334.249503-1/2	1.0	0.0	0.0
SRR2034334.249503-2/2	0.0	0.0	0.0
SRR2034334.251692-1/2	-1.0	1.0	0.0
SRR2034334.251692-2/2	-1.0	0.0	0.0
SRR2034334.255132-1/2	2.0	1.0	0.0
SRR2034334.255132-2/2	1.0	0.0	0.0
SRR2034334.258978-1/2	1.0	1.0	1.0
SRR2034334.258978-2/2	1.0	0.0	0.0
SRR2034334.259331-1/2	1.0	0.0	0.0
SRR2034334.259331-2/2	1.0	0.0	0.0
SRR2034334.261419-1/2	-1.0	1.0	0.0
SRR2034334.261419-2/2	-1.0	0.0	0.0
SRR2034334.265123-1/2	-1.0	1.0	0.0
SRR2034334.265123-2/2	-1.0	0.0	0.0
SRR2034334.269091-1/2	-1.0	1.0	0.0
SRR2034334.269091-2/2	-1.0	0.0	0.0
SRR2034334.272509-1/2	1.0	0.0	0.0
SRR2034334.272509-2/2	0.0	0.0	0.0
SRR2034334.273393-1/2	0.0	0.0	0.0
SRR2034334.273393-2/2	1.0	0.0	1.0
SRR2034334.273596-1/2	1.0	0.0	0.0
SRR2034334.273596-2/2	1.0	0.0	0.0
SRR2034334.277969-1/2	-1.0	0.0	1.0
SRR2034334.277969-2/2	-1.0	0.0	0.0
SRR2034334.279202-1/2	1.0	0.0	0.0
SRR2034334.279202-2/2	1.0	0.0	0.0
SRR2034334.279379-1/2	-1.0	1.0	0.0
SRR2034334.279379-2/2	-1.0	0.0	0.0
SRR2034334.286315-1/2	1.0	1.0	0.0
SRR2034334.286315-2/2	0.0	0.0	0.0
SRR2034334.294712-1/2	1.0	0.0	0.0
SRR2034334.294712-2/2	0.0	0.0	0.0
SRR2034334.295035-1/2	-1.0	0.0	0.0
SRR2034334.295035-2/2	-1.0	0.0	1.0
SRR2034334.295562-1/2	0.0	0.0	0.0
SRR2034334.295562-2/2	0.0	0.0	0.0
SRR2034334.296222-1/2	-1.0	0.0	1.0
SRR2034334.296222-2/2	-1.0	1.0	0.0
SRR2034334.299270-1/2	0.0	0.0	0.0
SRR2034334.299270-2/2	0.0	0.0	0.0
SRR2034334.299301-1/2	2.0	0.0	1.0
SRR2034334.299301-2/2	1.0	0.0	1.0
SRR2034334.303684-1/2	1.0	0.0	0.0
SRR2034334.303684-2/2	0.0	0.0	0.0
SRR2034334.305204-1/2	-1.0	1.0	0.0
SRR2034334.305204-2/2	-1.0	0.0	0.0
SRR2034334.308182-1/2	1.0	0.0	0.0
SRR2034334.308182-2/2	1.0	0.0	0.0
SRR2034334.313175-1/2	-1.0	0.0	0.0
SRR2034334.313175-2/2	-1.0	0.0	1.0
SRR2034334.314339-1/2	0.0	0.0	0.0
SRR2034334.314339-2/2	0.0	0.0	0.0
SRR2034334.315263-1/2	-1.0	0.0	1.0
SRR2034334.315263-2/2	-1.0	0.0	0.0
SRR2034334.31563-1/2	1.0	0.0	0.0
SRR2034334.31563-2/2	0.0	0.0	0.0
SRR2034334.32103-1/2	-1.0	0.0	1.0
SRR2034334.32103-2/2	-1.0	0.0	0.0
SRR2034334.32220-1/2	-1.0	0.0	0.0
SRR2034334.32220-2/2	-1.0	1.0	0.0
SRR2034334.325997-1/2	0.0	0.0	0.0
SRR2034334.325997-2/2	1.0	0.0	0.0
SRR2034334.329296-1/2	0.0	0.0	0.0
SRR2034334.329296-2/2	1.0	0.0	0.0
SRR2034334.335079-1/2	0.0	0.0	0.0
SRR2034334.335079-2/2	0.0	0.0	0.0
SRR2034334.336958-1/2	2.0	0.0	1.0
SRR2034334.336958-2/2	0.0	0.0	0.0
SRR2034334.341896-1/2	1.0	0.0	0.0
SRR2034334.341896-2/2	2.0	0.0	1.0
SRR2034334.342857-1/2	-1.0	1.0	1.0
SRR2034334.342857-2/2	-1.0	2.0	2.0
SRR2034334.3468-1/2	0.0	0.0	0.0
SRR2034334.3468-2/2	0.0	0.0	0.0
SRR2034334.347639-1/2	0.0	0.0	0.0
SRR2034334.347639-2/2	0.0	0.0	0.0
SRR2034334.352775-1/2	0.0	0.0	0.0
SRR2034334.352775-2/2	0.0	0.0	0.0
SRR2034334.353635-1/2	0.0	0.0	0.0
SRR2034334.353635-2/2	1.0	0.0	0.0
SRR2034334.355235-1/2	1.0	0.0	0.0
SRR2034334.355235-2/2	0.0	0.0	0.0
SRR2034334.35681-1/2	1.0	0.0	0.0
SRR2034334.35681-2/2	0.0	0.0	0.0
SRR2034334.359284-1/2	-1.0	0.0	0.0
SRR2034334.359284-2/2	-1.0	1.0	0.0
SRR2034334.362187-1/2	-1.0	0.0	0.0
SRR2034334.362187-2/2	-1.0	0.0	1.0
SRR2034334.362375-1/2	1.0	0.0	0.0
SRR2034334.362375-2/2	0.0	0.0	0.0
SRR2034334.364513-1/2	1.0	0.0	0.0
SRR2034334.364513-2/2	0.0	0.0	0.0
SRR2034334.365120-1/2	0.0	0.0	0.0
SRR2034334.365120-2/2	1.0	0.0	0.0
SRR2034334.369661-1/2	2.0	0.0	0.0
SRR2034334.369661-2/2	0.0	0.0	0.0
SRR2034334.371131-1/2	-1.0	0.0	1.0
SRR2034334.371131-2/2	-1.0	0.0	0.0
SRR2034334.37573-1/2	-1.0	1.0	0.0
SRR2034334.37573-2/2	-1.0	0.0	0.0
SRR2034334.37840-1/2	2.0	1.0	1.0
SRR2034334.37840-2/2	0.0	0.0	0.0
SRR2034334.379117-1/2	0.0	0.0	1.0
SRR2034334.379117-2/2	1.0	0.0	0.0
SRR2034334.3815-1/2	0.0	0.0	0.0
SRR2034334.3815-2/2	1.0	0.0	1.0
SRR2034334.38428-1/2	0.0	0.0	0.0
SRR2034334.38428-2/2	0.0	0.0	0.0
SRR2034334.385447-1/2	0.0	0.0	0.0
SRR2034334.385447-2/2	0.0	0.0	0.0
SRR2034334.385852-1/2	-1.0	1.0	0.0
SRR2034334.385852-2/2	-1.0	1.0	0.0
SRR2034334.387813-1/2	2.0	1.0	0.0
SRR2034334.387813-2/2	1.0	1.0	1.0
SRR2034334.389575-1/2	1.0	0.0	0.0
SRR2034334.389575-2/2	1.0	0.0	0.0
SRR2034334.392625-1/2	-1.0	1.0	0.0
SRR2034334.392625-2/2	-1.0	0.0	0.0
SRR2034334.395106-1/2	0.0	0.0	0.0
SRR2034334.395106-2/2	0.0	0.0	0.0
SRR2034334.396550-1/2	0.0	0.0	1.0
SRR2034334.396550-2/2	1.0	0.0	0.0
SRR2034334.399027-1/2	2.0	0.0	1.0
SRR2034334.399027-2/2	0.0	0.0	0.0
SRR2034334.40212-1/2	2.0	1.0	1.0
SRR2034334.40212-2/2	1.0	0.0	1.0
SRR2034334.404275-1/2	0.0	0.0	0.0
SRR2034334.404275-2/2	0.0	0.0	0.0
SRR2034334.405643-1/2	0.0	0.0	0.0
SRR2034334.405643-2/2	1.0	0.0	0.0
SRR2034334.407666-1/2	1.0	0.0	0.0
SRR2034334.407666-2/2	0.0	0.0	0.0
SRR2034334.409455-1/2	1.0	1.0	0.0
SRR2034334.409455-2/2	0.0	0.0	0.0
SRR2034334.413417-1/2	-1.0	0.0	0.0
SRR2034334.413417-2/2	-1.0	0.0	1.0
SRR2034334.414626-1/2	1.0	0.0	0.0
SRR2034334.414626-2/2	1.0	0.0	0.0
SRR2034334.415582-1/2	-1.0	1.0	0.0
SRR2034334.415582-2/2	-1.0	1.0	0.0
SRR2034334.419745-1/2	-1.0	1.0	0.0
SRR2034334.419745-2/2	-1.0	0.0	0.0
SRR2034334.421960-1/2	0.0	0.0	1.0
SRR2034334.421960-2/2	1.0	0.0	0.0
SRR2034334.421988-1/2	0.0	0.0	0.0
SRR2034334.421988-2/2	0.0	0.0	0.0
SRR2034334.422284-1/2	1.0	0.0	0.0
SRR2034334.422284-2/2	2.0	0.0	1.0
SRR2034334.427536-1/2	-1.0	1.0	0.0
SRR2034334.427536-2/2	-1.0	1.0	0.0
SRR2034334.427624-1/2	0.0	0.0	0.0
SRR2034334.427624-2/2	0.0	0.0	0.0
SRR2034334.427645-1/2	-1.0	0.0	1.0
SRR2034334.427645-2/2	-1.0	0.0	0.0
SRR2034334.431278-1/2	0.0	0.0	0.0
SRR2034334.431278-2/2	0.0	0.0	0.0
SRR2034334.432171-1/2	1.0	1.0	0.0
SRR2034334.432171-2/2	1.0	0.0	0.0
SRR2034334.432927-1/2	-1.0	0.0	1.0
SRR2034334.432927-2/2	-1.0	0.0	0.0
SRR2034334.434935-1/2	2.0	0.0	1.0
SRR2034334.434935-2/2	0.0	0.0	0.0
SRR2034334.435683-1/2	1.0	0.0	0.0
SRR2034334.435683-2/2	1.0	0.0	0.0
SRR2034334.436637-1/2	0.0	0.0	0.0
SRR2034334.436637-2/2	0.0	0.0	0.0
SRR2034334.436889-1/2	0.0	0.0	0.0
SRR2034334.436889-2/2	0.0	0.0	0.0
SRR2034334.442840-1/2	1.0	0.0	0.0
SRR2034334.442840-2/2	1.0	0.0	0.0
SRR2034334.447120-1/2	1.0	0.0	0.0
SRR2034334.447120-2/2	0.0	0.0	0.0
SRR2034334.448830-1/2	-1.0	0.0	1.0
SRR2034334.448830-2/2	-1.0	1.0	0.0
SRR2034334.449070-1/2	1.0	0.0	0.0
SRR2034334.449070-2/2	0.0	0.0	0.0
SRR2034334.451292-1/2	2.0	0.0	1.0
SRR2034334.451292-2/2	1.0	0.0	0.0
SRR2034334.454729-1/2	-1.0	1.0	0.0
SRR2034334.454729-2/2	-1.0	0.0	0.0
SRR2034334.455676-1/2	0.0	0.0	0.0
SRR2034334.455676-2/2	1.0	0.0	1.0
SRR2034334.457994-1/2	1.0	0.0	0.0
SRR2034334.457994-2/2	2.0	1.0	1.0
SRR2034334.458987-1/2	-1.0	1.0	0.0
SRR2034334.458987-2/2	-1.0	0.0	0.0
SRR2034334.461310-1/2	1.0	0.0	0.0
SRR2034334.461310-2/2	1.0	0.0	0.0
SRR2034334.465005-1/2	-1.0	0.0	0.0
SRR2034334.465005-2/2	-1.0	1.0	0.0
SRR2034334.472065-1/2	1.0	0.0	0.0
SRR2034334.472065-2/2	0.0	0.0	0.0
SRR2034334.477900-1/2	-1.0	0.0	1.0
SRR2034334.477900-2/2	-1.0	0.0	1.0
SRR2034334.478605-1/2	1.0	0.0	0.0
SRR2034334.478605-2/2	1.0	0.0	0.0
SRR2034334.478844-1/2	2.0	0.0	1.0
SRR2034334.478844-2/2	1.0	0.0	1.0
SRR2034334.479146-1/2	1.0	1.0	1.0
SRR2034334.479146-2/2	0.0	0.0	0.0
SRR2034334.481815-1/2	0.0	0.0	0.0
SRR2034334.481815-2/2	1.0	0.0	0.0
SRR2034334.487880-1/2	1.0	0.0	0.0
SRR2034334.487880-2/2	0.0	0.0	0.0
SRR2034334.488501-1/2	-1.0	0.0	1.0
SRR2034334.488501-2/2	-1.0	0.0	0.0
SRR2034334.48913-1/2	-1.0	1.0	0.0
SRR2034334.48913-2/2	-1.0	0.0	0.0
SRR2034334.492356-1/2	1.0	0.0	1.0
SRR2034334.492356-2/2	2.0	1.0	0.0
SRR2034334.495231-1/2	2.0	1.0	0.0
SRR2034334.495231-2/2	0.0	0.0	0.0
SRR2034334.497598-1/2	1.0	0.0	0.0
SRR2034334.497598-2/2	1.0	0.0	0.0
SRR2034334.4989-1/2	1.0	0.0	0.0
SRR2034334.4989-2/2	1.0	0.0	0.0
SRR2034334.499174-1/2	1.0	0.0	0.0
SRR2034334.499174-2/2	2.0	0.0	1.0
SRR2034334.499900-1/2	2.0	1.0	1.0
SRR2034334.499900-2/2	2.0	0.0	0.0
SRR2034334.504226-1/2	2.0	1.0	0.0
SRR2034334.504226-2/2	1.0	0.0	0.0
SRR2034334.512285-1/2	0.0	0.0	0.0
SRR2034334.512285-2/2	0.0	0.0	0.0
SRR2034334.512509-1/2	2.0	0.0	1.0
SRR2034334.512509-2/2	2.0	0.0	0.0
SRR2034334.512782-1/2	1.0	0.0	0.0
SRR2034334.512782-2/2	0.0	0.0	0.0
SRR2034334.513113-1/2	0.0	0.0	0.0
SRR2034334.513113-2/2	1.0	0.0	0.0
SRR2034334.515078-1/2	1.0	0.0	0.0
SRR2034334.515078-2/2	1.0	0.0	0.0
SRR2034334.516989-1/2	2.0	0.0	1.0
SRR2034334.516989-2/2	2.0	0.0	0.0
SRR2034334.521527-1/2	2.0	0.0	1.0
SRR2034334.521527-2/2	2.0	0.0	0.0
SRR2034334.538065-1/2	-1.0	0.0	1.0
SRR2034334.538065-2/2	-1.0	0.0	1.0
SRR2034334.538319-1/2	-1.0	0.0	1.0
SRR2034334.538319-2/2	-1.0	1.0	0.0
SRR2034334.54032-1/2	0.0	0.0	0.0
SRR2034334.54032-2/2	0.0	0.0	0.0
SRR2034334.544642-1/2	-1.0	1.0	0.0
SRR2034334.544642-2/2	-1.0	0.0	0.0
SRR2034334.548683-1/2	0.0	0.0	0.0
SRR2034334.548683-2/2	1.0	0.0	0.0
SRR2034334.549187-1/2	-1.0	0.0	0.0
SRR2034334.549187-2/2	-1.0	0.0	1.0
SRR2034334.553171-1/2	1.0	0.0	1.0
SRR2034334.553171-2/2	2.0	0.0	1.0
SRR2034334.556540-1/2	2.0	-1.0	-1.0
SRR2034334.556540-2/2	1.0	-1.0	-1.0
SRR2034334.558190-1/2	1.0	1.0	1.0
SRR2034334.558190-2/2	1.0	0.0	0.0
SRR2034334.558340-1/2	-1.0	1.0	0.0
SRR2034334.558340-2/2	-1.0	1.0	1.0
SRR2034334.560620-1/2	-1.0	1.0	0.0
SRR2034334.560620-2/2	-1.0	1.0	0.0
SRR2034334.561112-1/2	2.0	0.0	1.0
SRR2034334.561112-2/2	0.0	0.0	0.0
SRR2034334.562012-1/2	1.0	1.0	1.0
SRR2034334.562012-2/2	0.0	0.0	0.0
SRR2034334.562825-1/2	0.0	0.0	0.0
SRR2034334.562825-2/2	2.0	0.0	1.0
SRR2034334.562882-1/2	1.0	0.0	0.0
SRR2034334.562882-2/2	1.0	0.0	0.0
SRR2034334.570539-1/2	1.0	0.0	0.0
SRR2034334.570539-2/2	0.0	0.0	0.0
SRR2034334.572525-1/2	-1.0	1.0	0.0
SRR2034334.572525-2/2	-1.0	2.0	1.0
SRR2034334.572763-1/2	0.0	0.0	0.0
SRR2034334.572763-2/2	2.0	1.0	1.0
SRR2034334.582843-1/2	-1.0	1.0	0.0
SRR2034334.582843-2/2	-1.0	0.0	0.0
SRR2034334.583681-1/2	-1.0	0.0	0.0
SRR2034334.583681-2/2	-1.0	0.0	1.0
SRR2034334.589030-1/2	2.0	1.0	1.0
SRR2034334.589030-2/2	0.0	0.0	0.0
SRR2034334.596700-1/2	-1.0	1.0	0.0
SRR2034334.596700-2/2	-1.0	1.0	0.0
SRR2034334.612253-1/2	1.0	1.0	0.0
SRR2034334.612253-2/2	0.0	0.0	0.0
SRR2034334.61587-1/2	2.0	0.0	1.0
SRR2034334.61587-2/2	1.0	0.0	0.0
SRR2034334.616123-1/2	1.0	0.0	0.0
SRR2034334.616123-2/2	1.0	0.0	0.0
SRR2034334.61819-1/2	0.0	0.0	1.0
SRR2034334.61819-2/2	1.0	0.0	0.0
SRR2034334.623588-1/2	-1.0	0.0	1.0
SRR2034334.623588-2/2	-1.0	0.0	0.0
SRR2034334.627809-1/2	-1.0	1.0	0.0
SRR2034334.627809-2/2	-1.0	1.0	1.0
SRR2034334.629155-1/2	0.0	0.0	0.0
SRR2034334.629155-2/2	1.0	0.0	0.0
SRR2034334.629617-1/2	1.0	1.0	1.0
SRR2034334.629617-2/2	0.0	0.0	0.0
SRR2034334.629692-1/2	-1.0	2.0	1.0
SRR2034334.629692-2/2	-1.0	0.0	0.0
SRR2034334.631691-1/2	2.0	1.0	0.0
SRR2034334.631691-2/2	1.0	0.0	0.0
SRR2034334.633316-1/2	1.0	1.0	2.0
SRR2034334.633316-2/2	1.0	0.0	0.0
SRR2034334.639629-1/2	0.0	0.0	0.0
SRR2034334.639629-2/2	1.0	1.0	1.0
SRR2034334.640503-1/2	-1.0	0.0	0.0
SRR2034334.640503-2/2	-1.0	0.0	1.0
SRR2034334.640532-1/2	2.0	2.0	1.0
SRR2034334.640532-2/2	2.0	2.0	1.0
SRR2034334.64438-1/2	-1.0	0.0	1.0
SRR2034334.64438-2/2	-1.0	0.0	1.0
SRR2034334.645589-1/2	0.0	0.0	0.0
SRR2034334.645589-2/2	1.0	0.0	0.0
SRR2034334.647233-1/2	2.0	0.0	1.0
SRR2034334.647233-2/2	2.0	0.0	0.0
SRR2034334.647244-1/2	0.0	0.0	0.0
SRR2034334.647244-2/2	1.0	0.0	0.0
SRR2034334.64967-1/2	1.0	0.0	0.0
SRR2034334.64967-2/2	0.0	0.0	0.0
SRR2034334.664206-1/2	0.0	0.0	0.0
SRR2034334.664206-2/2	1.0	0.0	0.0
SRR2034334.66686-1/2	0.0	0.0	0.0
SRR2034334.66686-2/2	1.0	0.0	0.0
SRR2034334.668856-1/2	1.0	1.0	1.0
SRR2034334.668856-2/2	0.0	0.0	0.0
SRR2034334.67510-1/2	1.0	0.0	0.0
SRR2034334.67510-2/2	0.0	0.0	0.0
SRR2034334.675536-1/2	0.0	0.0	0.0
SRR2034334.675536-2/2	1.0	0.0	0.0
SRR2034334.677849-1/2	1.0	0.0	0.0
SRR2034334.677849-2/2	0.0	0.0	0.0
SRR2034334.677918-1/2	-1.0	1.0	0.0
SRR2034334.677918-2/2	-1.0	1.0	0.0
SRR2034334.681328-1/2	0.0	0.0	0.0
SRR2034334.681328-2/2	1.0	0.0	0.0
SRR2034334.685132-1/2	0.0	0.0	0.0
SRR2034334.685132-2/2	1.0	0.0	0.0
SRR2034334.686535-1/2	1.0	0.0	1.0
SRR2034334.686535-2/2	1.0	0.0	0.0
SRR2034334.687332-1/2	0.0	0.0	0.0
SRR2034334.687332-2/2	2.0	0.0	1.0
SRR2034334.690883-1/2	1.0	0.0	0.0
SRR2034334.690883-2/2	0.0	0.0	0.0
SRR2034334.69242-1/2	1.0	0.0	0.0
SRR2034334.69242-2/2	0.0	0.0	0.0
SRR2034334.694839-1/2	2.0	0.0	0.0
SRR2034334.694839-2/2	0.0	0.0	0.0
SRR2034334.697775-1/2	1.0	0.0	0.0
SRR2034334.697775-2/2	0.0	0.0	0.0
SRR2034334.701608-1/2	1.0	0.0	0.0
SRR2034334.701608-2/2	0.0	0.0	0.0
SRR2034334.702987-1/2	-1.0	0.0	0.0
SRR2034334.702987-2/2	-1.0	0.0	1.0
SRR2034334.703638-1/2	-1.0	2.0	2.0
SRR2034334.703638-2/2	-1.0	0.0	0.0
SRR2034334.704148-1/2	1.0	0.0	0.0
SRR2034334.704148-2/2	0.0	0.0	0.0
SRR2034334.704649-1/2	1.0	0.0	0.0
SRR2034334.704649-2/2	0.0	0.0	0.0
SRR2034334.710209-1/2	-1.0	0.0	0.0
SRR2034334.710209-2/2	-1.0	0.0	0.0
SRR2034334.713983-1/2	-1.0	0.0	1.0
SRR2034334.713983-2/2	-1.0	1.0	2.0
SRR2034334.714440-1/2	0.0	0.0	0.0
SRR2034334.714440-2/2	0.0	0.0	0.0
SRR2034334.715631-1/2	0.0	0.0	0.0
SRR2034334.715631-2/2	1.0	0.0	0.0
SRR2034334.716902-1/2	1.0	1.0	0.0
SRR2034334.716902-2/2	1.0	1.0	0.0
SRR2034334.720642-1/2	2.0	1.0	0.0
SRR2034334.720642-2/2	1.0	0.0	0.0
SRR2034334.72655-1/2	-1.0	0.0	0.0
SRR2034334.72655-2/2	-1.0	0.0	1.0
SRR2034334.730081-1/2	1.0	0.0	0.0
SRR2034334.730081-2/2	1.0	0.0	0.0
SRR2034334.733751-1/2	0.0	0.0	0.0
SRR2034334.733751-2/2	0.0	0.0	0.0
SRR2034334.734070-1/2	0.0	0.0	1.0
SRR2034334.734070-2/2	1.0	0.0	0.0
SRR2034334.734396-1/2	2.0	1.0	0.0
SRR2034334.734396-2/2	0.0	0.0	0.0
SRR2034334.736434-1/2	0.0	0.0	0.0
SRR2034334.736434-2/2	1.0	0.0	0.0
SRR2034334.736863-1/2	-1.0	1.0	0.0
SRR2034334.736863-2/2	-1.0	0.0	0.0
SRR2034334.738722-1/2	0.0	0.0	0.0
SRR2034334.738722-2/2	0.0	0.0	0.0
SRR2034334.740095-1/2	0.0	0.0	1.0
SRR2034334.740095-2/2	1.0	0.0	0.0
SRR2034334.740208-1/2	1.0	1.0	0.0
SRR2034334.740208-2/2	1.0	0.0	0.0
SRR2034334.741251-1/2	-1.0	0.0	0.0
SRR2034334.741251-2/2	-1.0	1.0	2.0
SRR2034334.742659-1/2	-1.0	0.0	0.0
SRR2034334.742659-2/2	-1.0	0.0	1.0
SRR2034334.743179-1/2	1.0	0.0	0.0
SRR2034334.743179-2/2	0.0	0.0	0.0
SRR2034334.748102-1/2	-1.0	1.0	0.0
SRR2034334.748102-2/2	-1.0	0.0	0.0
SRR2034334.749847-1/2	1.0	0.0	0.0
SRR2034334.749847-2/2	0.0	0.0	0.0
SRR2034334.750068-1/2	2.0	0.0	1.0
SRR2034334.750068-2/2	2.0	0.0	1.0
SRR2034334.750915-1/2	0.0	0.0	0.0
SRR2034334.750915-2/2	0.0	0.0	0.0
SRR2034334.758473-1/2	0.0	0.0	0.0
SRR2034334.758473-2/2	0.0	0.0	0.0
SRR2034334.769517-1/2	-1.0	0.0	1.0
SRR2034334.769517-2/2	-1.0	0.0	0.0
SRR2034334.771787-1/2	1.0	0.0	0.0
SRR2034334.771787-2/2	0.0	0.0	0.0
SRR2034334.773079-1/2	0.0	0.0	0.0
SRR2034334.773079-2/2	0.0	0.0	0.0
SRR2034334.773714-1/2	0.0	0.0	0.0
SRR2034334.773714-2/2	1.0	0.0	0.0
SRR2034334.774521-1/2	0.0	0.0	0.0
SRR2034334.774521-2/2	1.0	0.0	0.0
SRR2034334.779051-1/2	1.0	0.0	1.0
SRR2034334.779051-2/2	0.0	0.0	0.0
SRR2034334.780005-1/2	0.0	0.0	0.0
SRR2034334.780005-2/2	0.0	0.0	0.0
SRR2034334.780231-1/2	-1.0	1.0	0.0
SRR2034334.780231-2/2	-1.0	0.0	0.0
SRR2034334.780866-1/2	0.0	0.0	0.0
SRR2034334.780866-2/2	0.0	0.0	0.0
SRR2034334.785351-1/2	1.0	0.0	0.0
SRR2034334.785351-2/2	1.0	0.0	0.0
SRR2034334.788152-1/2	1.0	0.0	0.0
SRR2034334.788152-2/2	0.0	0.0	0.0
SRR2034334.793413-1/2	0.0	0.0	0.0
SRR2034334.793413-2/2	0.0	0.0	0.0
SRR2034334.797969-1/2	1.0	0.0	0.0
SRR2034334.797969-2/2	1.0	0.0	0.0
SRR2034334.803076-1/2	0.0	0.0	0.0
SRR2034334.803076-2/2	1.0	0.0	1.0
SRR2034334.804435-1/2	0.0	0.0	1.0
SRR2034334.804435-2/2	1.0	0.0	0.0
SRR2034334.818470-1/2	1.0	0.0	0.0
SRR2034334.818470-2/2	2.0	1.0	0.0
SRR2034334.818937-1/2	1.0	0.0	0.0
SRR2034334.818937-2/2	0.0	0.0	0.0
SRR2034334.820226-1/2	0.0	0.0	0.0
SRR2034334.820226-2/2	1.0	0.0	0.0
SRR2034334.821093-1/2	1.0	0.0	0.0
SRR2034334.821093-2/2	1.0	0.0	0.0
SRR2034334.823552-1/2	1.0	0.0	0.0
SRR2034334.823552-2/2	1.0	0.0	0.0
SRR2034334.824744-1/2	0.0	0.0	0.0
SRR2034334.824744-2/2	0.0	0.0	0.0
SRR2034334.835060-1/2	-1.0	1.0	0.0
SRR2034334.835060-2/2	-1.0	0.0	0.0
SRR2034334.8353-1/2	0.0	0.0	1.0
SRR2034334.8353-2/2	1.0	0.0	0.0
SRR2034334.83675-1/2	-1.0	0.0	1.0
SRR2034334.83675-2/2	-1.0	0.0	0.0
SRR2034334.84382-1/2	1.0	1.0	1.0
SRR2034334.84382-2/2	0.0	0.0	0.0
SRR2034334.845921-1/2	0.0	0.0	0.0
SRR2034334.845921-2/2	0.0	0.0	0.0
SRR2034334.846028-1/2	0.0	0.0	0.0
SRR2034334.846028-2/2	0.0	0.0	0.0
SRR2034334.850696-1/2	0.0	0.0	0.0
SRR2034334.850696-2/2	2.0	0.0	1.0
SRR2034334.8563-1/2	-1.0	1.0	0.0
SRR2034334.8563-2/2	-1.0	0.0	0.0
SRR2034334.858284-1/2	0.0	0.0	0.0
SRR2034334.858284-2/2	0.0	0.0	0.0
SRR2034334.858493-1/2	1.0	0.0	0.0
SRR2034334.858493-2/2	0.0	0.0	0.0
SRR2034334.860710-1/2	1.0	0.0	0.0
SRR2034334.860710-2/2	1.0	0.0	0.0
SRR2034334.865440-1/2	1.0	0.0	0.0
SRR2034334.865440-2/2	0.0	0.0	0.0
SRR2034334.875983-1/2	1.0	0.0	0.0
SRR2034334.875983-2/2	2.0	1.0	0.0
SRR2034334.878246-1/2	0.0	0.0	0.0
SRR2034334.878246-2/2	1.0	1.0	1.0
SRR2034334.880755-1/2	0.0	0.0	0.0
SRR2034334.880755-2/2	0.0	0.0	0.0
SRR2034334.886131-1/2	-1.0	0.0	1.0
SRR2034334.886131-2/2	-1.0	0.0	1.0
SRR2034334.88806-1/2	0.0	0.0	0.0
SRR2034334.88806-2/2	1.0	0.0	1.0
SRR2034334.888921-1/2	2.0	0.0	1.0
SRR2034334.888921-2/2	2.0	0.0	1.0
SRR2034334.896594-1/2	-1.0	1.0	0.0
SRR2034334.896594-2/2	-1.0	0.0	0.0
SRR2034334.901090-1/2	0.0	0.0	0.0
SRR2034334.901090-2/2	1.0	0.0	0.0
SRR2034334.901887-1/2	1.0	1.0	0.0
SRR2034334.901887-2/2	0.0	0.0	0.0
SRR2034334.902292-1/2	2.0	1.0	0.0
SRR2034334.902292-2/2	1.0	0.0	0.0
SRR2034334.905875-1/2	-1.0	0.0	1.0
SRR2034334.905875-2/2	-1.0	0.0	0.0
SRR2034334.909173-1/2	-1.0	1.0	0.0
SRR2034334.909173-2/2	-1.0	0.0	0.0
SRR2034334.909616-1/2	0.0	0.0	0.0
SRR2034334.909616-2/2	1.0	0.0	0.0
SRR2034334.911433-1/2	0.0	0.0	0.0
SRR2034334.911433-2/2	0.0	0.0	0.0
SRR2034334.911508-1/2	0.0	0.0	0.0
SRR2034334.911508-2/2	0.0	0.0	0.0
SRR2034334.915013-1/2	-1.0	0.0	0.0
SRR2034334.915013-2/2	-1.0	0.0	1.0
SRR2034334.919865-1/2	-1.0	0.0	1.0
SRR2034334.919865-2/2	-1.0	0.0	1.0
SRR2034334.921685-1/2	-1.0	1.0	2.0
SRR2034334.921685-2/2	-1.0	0.0	0.0
SRR2034334.922141-1/2	1.0	0.0	0.0
SRR2034334.922141-2/2	1.0	0.0	0.0
SRR2034334.928930-1/2	1.0	0.0	0.0
SRR2034334.928930-2/2	1.0	0.0	0.0
SRR2034334.92963-1/2	0.0	0.0	0.0
SRR2034334.92963-2/2	1.0	0.0	0.0
SRR2034334.93180-1/2	0.0	0.0	0.0
SRR2034334.93180-2/2	0.0	0.0	0.0
SRR2034334.933769-1/2	-1.0	1.0	0.0
SRR2034334.933769-2/2	-1.0	0.0	0.0
SRR2034334.936722-1/2	1.0	0.0	0.0
SRR2034334.936722-2/2	0.0	0.0	0.0
SRR2034334.939656-1/2	-1.0	0.0	0.0
SRR2034334.939656-2/2	-1.0	1.0	0.0
SRR2034334.940707-1/2	0.0	0.0	0.0
SRR2034334.940707-2/2	1.0	0.0	1.0
SRR2034334.941902-1/2	1.0	0.0	0.0
SRR2034334.941902-2/2	0.0	0.0	0.0
SRR2034334.96309-1/2	0.0	0.0	0.0
SRR2034334.96309-2/2	0.0	0.0	0.0
SRR2034334.96782-1/2	-1.0	1.0	0.0
SRR2034334.96782-2/2	-1.0	0.0	0.0
SRR2034334.96878-1/2	1.0	0.0	0.0
SRR2034334.96878-2/2	0.0	0.0	0.0
